student_id,school,sex,age,address_type,family_size,parent_status,mother_education,father_education,mother_job,father_job,school_choice_reason,guardian,travel_time,study_time,class_failures,school_support,family_support,extra_paid_classes,activities,nursery_school,higher_ed,internet_access,romantic_relationship,family_relationship,free_time,social,weekday_alcohol,weekend_alcohol,health,absences,grade_1,grade_2,final_grade
1,GP,F,18,Urban,Greater than 3,Apart,higher education,higher education,at_home,teacher,course,mother,15 to 30 min.,2 to 5 hours,0,yes,no,no,no,yes,yes,no,no,4,3,4,1,1,3,6,5,6,6
2,GP,F,17,Urban,Greater than 3,Living together,primary education (4th grade),primary education (4th grade),at_home,other,course,father,<15 min.,2 to 5 hours,0,no,yes,no,no,no,yes,yes,no,5,3,3,1,1,3,4,5,5,6
3,GP,F,15,Urban,Less than or equal to 3,Living together,primary education (4th grade),primary education (4th grade),at_home,other,other,mother,<15 min.,2 to 5 hours,3,yes,no,yes,no,yes,yes,yes,no,4,3,2,2,3,3,10,7,8,10
4,GP,F,15,Urban,Greater than 3,Living together,higher education,5th to 9th grade,health,services,home,mother,<15 min.,5 to 10 hours,0,no,yes,yes,yes,yes,yes,yes,yes,3,2,2,1,1,5,2,15,14,15
5,GP,F,16,Urban,Greater than 3,Living together,secondary education,secondary education,other,other,home,father,<15 min.,2 to 5 hours,0,no,yes,yes,no,yes,yes,no,no,4,3,2,1,2,5,4,6,10,10
6,GP,M,16,Urban,Less than or equal to 3,Living together,higher education,secondary education,services,other,reputation,mother,<15 min.,2 to 5 hours,0,no,yes,yes,yes,yes,yes,yes,no,5,4,2,1,2,5,10,15,15,15
7,GP,M,16,Urban,Less than or equal to 3,Living together,5th to 9th grade,5th to 9th grade,other,other,home,mother,<15 min.,2 to 5 hours,0,no,no,no,no,yes,yes,yes,no,4,4,4,1,1,3,0,12,12,11
8,GP,F,17,Urban,Greater than 3,Apart,higher education,higher education,other,teacher,home,mother,15 to 30 min.,2 to 5 hours,0,yes,yes,no,no,yes,yes,no,no,4,1,4,1,1,1,6,6,5,6
9,GP,M,15,Urban,Less than or equal to 3,Apart,secondary education,5th to 9th grade,services,other,home,mother,<15 min.,2 to 5 hours,0,no,yes,yes,no,yes,yes,yes,no,4,2,2,1,1,1,0,16,18,19
10,GP,M,15,Urban,Greater than 3,Living together,secondary education,higher education,other,other,home,mother,<15 min.,2 to 5 hours,0,no,yes,yes,yes,yes,yes,yes,no,5,5,1,1,1,5,0,14,15,15
11,GP,F,15,Urban,Greater than 3,Living together,higher education,higher education,teacher,health,reputation,mother,<15 min.,2 to 5 hours,0,no,yes,yes,no,yes,yes,yes,no,3,3,3,1,2,2,0,10,8,9
12,GP,F,15,Urban,Greater than 3,Living together,5th to 9th grade,primary education (4th grade),services,other,reputation,father,30 min. to 1 hour,5 to 10 hours,0,no,yes,no,yes,yes,yes,yes,no,5,2,2,1,1,4,4,10,12,12
13,GP,M,15,Urban,Less than or equal to 3,Living together,higher education,higher education,health,services,course,father,<15 min.,<2 hours,0,no,yes,yes,yes,yes,yes,yes,no,4,3,3,1,3,5,2,14,14,14
14,GP,M,15,Urban,Greater than 3,Living together,higher education,secondary education,teacher,other,course,mother,15 to 30 min.,2 to 5 hours,0,no,yes,yes,no,yes,yes,yes,no,5,4,3,1,2,3,2,10,10,11
15,GP,M,15,Urban,Greater than 3,Apart,5th to 9th grade,5th to 9th grade,other,other,home,other,<15 min.,5 to 10 hours,0,no,yes,no,no,yes,yes,yes,yes,4,5,2,1,1,3,0,14,16,16
16,GP,F,16,Urban,Greater than 3,Living together,higher education,higher education,health,other,home,mother,<15 min.,<2 hours,0,no,yes,no,no,yes,yes,yes,no,4,4,4,1,2,2,4,14,14,14
17,GP,F,16,Urban,Greater than 3,Living together,higher education,higher education,services,services,reputation,mother,<15 min.,5 to 10 hours,0,no,yes,yes,yes,yes,yes,yes,no,3,2,3,1,2,2,6,13,14,14
18,GP,F,16,Urban,Greater than 3,Living together,secondary education,secondary education,other,other,reputation,mother,30 min. to 1 hour,2 to 5 hours,0,yes,yes,no,yes,yes,yes,no,no,5,3,2,1,1,4,4,8,10,10
19,GP,M,17,Urban,Greater than 3,Living together,secondary education,5th to 9th grade,services,services,course,mother,<15 min.,<2 hours,3,no,yes,no,yes,yes,yes,yes,no,5,5,5,2,4,5,16,6,5,5
20,GP,M,16,Urban,Less than or equal to 3,Living together,higher education,secondary education,health,other,home,father,<15 min.,<2 hours,0,no,no,yes,yes,yes,yes,yes,no,3,1,3,1,3,5,4,8,10,10
21,GP,M,15,Urban,Greater than 3,Living together,higher education,secondary education,teacher,other,reputation,mother,<15 min.,2 to 5 hours,0,no,no,no,no,yes,yes,yes,no,4,4,1,1,1,1,0,13,14,15
22,GP,M,15,Urban,Greater than 3,Living together,higher education,higher education,health,health,other,father,<15 min.,<2 hours,0,no,yes,yes,no,yes,yes,yes,no,5,4,2,1,1,5,0,12,15,15
23,GP,M,16,Urban,Less than or equal to 3,Living together,higher education,5th to 9th grade,teacher,other,course,mother,<15 min.,2 to 5 hours,0,no,no,no,yes,yes,yes,yes,no,4,5,1,1,3,5,2,15,15,16
24,GP,M,16,Urban,Less than or equal to 3,Living together,5th to 9th grade,5th to 9th grade,other,other,reputation,mother,15 to 30 min.,2 to 5 hours,0,no,yes,no,yes,yes,yes,yes,no,5,4,4,2,4,5,0,13,13,12
25,GP,F,15,Rural,Greater than 3,Living together,5th to 9th grade,higher education,services,health,course,mother,<15 min.,5 to 10 hours,0,yes,yes,yes,yes,yes,yes,yes,no,4,3,2,1,1,5,2,10,9,8
26,GP,F,16,Urban,Greater than 3,Living together,5th to 9th grade,5th to 9th grade,services,services,home,mother,<15 min.,<2 hours,2,no,yes,yes,no,no,yes,yes,no,1,2,2,1,3,5,14,6,9,8
27,GP,M,15,Urban,Greater than 3,Living together,5th to 9th grade,5th to 9th grade,other,other,home,mother,<15 min.,<2 hours,0,no,yes,yes,no,yes,yes,yes,no,4,2,2,1,2,5,2,12,12,11
28,GP,M,15,Urban,Greater than 3,Living together,higher education,5th to 9th grade,health,services,other,mother,<15 min.,<2 hours,0,no,no,yes,no,yes,yes,yes,no,2,2,4,2,4,1,4,15,16,15
29,GP,M,16,Urban,Less than or equal to 3,Apart,secondary education,higher education,services,other,home,mother,<15 min.,2 to 5 hours,0,yes,yes,no,yes,yes,yes,yes,no,5,3,3,1,1,5,4,11,11,11
30,GP,M,16,Urban,Greater than 3,Living together,higher education,higher education,teacher,teacher,home,mother,<15 min.,2 to 5 hours,0,no,yes,yes,yes,yes,yes,yes,yes,4,4,5,5,5,5,16,10,12,11
31,GP,M,15,Urban,Greater than 3,Living together,higher education,higher education,health,services,home,mother,<15 min.,2 to 5 hours,0,no,yes,yes,no,no,yes,yes,no,5,4,2,3,4,5,0,9,11,12
32,GP,M,15,Urban,Greater than 3,Living together,higher education,higher education,services,services,reputation,mother,15 to 30 min.,2 to 5 hours,0,no,yes,no,yes,yes,yes,yes,no,4,3,1,1,1,5,0,17,16,17
33,GP,M,15,Rural,Greater than 3,Living together,higher education,secondary education,teacher,at_home,course,mother,<15 min.,2 to 5 hours,0,no,yes,no,yes,yes,yes,yes,yes,4,5,2,1,1,5,0,17,16,16
34,GP,M,15,Urban,Less than or equal to 3,Living together,secondary education,secondary education,other,other,course,mother,<15 min.,2 to 5 hours,0,no,no,no,yes,no,yes,yes,no,5,3,2,1,1,2,0,8,10,12
35,GP,M,16,Urban,Greater than 3,Living together,secondary education,5th to 9th grade,other,other,home,mother,<15 min.,<2 hours,0,no,yes,yes,no,no,yes,yes,no,5,4,3,1,1,5,0,12,14,15
36,GP,F,15,Urban,Greater than 3,Living together,5th to 9th grade,secondary education,other,other,other,father,15 to 30 min.,<2 hours,0,no,yes,no,yes,yes,yes,no,no,3,5,1,1,1,5,0,8,7,6
37,GP,M,15,Urban,Less than or equal to 3,Living together,higher education,secondary education,teacher,services,home,mother,<15 min.,5 to 10 hours,0,no,yes,no,yes,yes,yes,yes,no,5,4,3,1,1,4,2,15,16,18
38,GP,M,16,Rural,Greater than 3,Apart,higher education,higher education,other,teacher,reputation,mother,15 to 30 min.,5 to 10 hours,0,no,yes,no,yes,yes,yes,yes,yes,2,4,3,1,1,5,7,15,16,15
39,GP,F,15,Rural,Greater than 3,Living together,secondary education,higher education,services,health,course,mother,<15 min.,5 to 10 hours,0,yes,yes,yes,yes,yes,yes,yes,no,4,3,2,1,1,5,2,12,12,11
40,GP,F,15,Rural,Greater than 3,Living together,5th to 9th grade,5th to 9th grade,at_home,other,reputation,mother,<15 min.,<2 hours,0,yes,yes,yes,yes,yes,yes,no,no,4,3,1,1,1,2,8,14,13,13
41,GP,F,16,Urban,Less than or equal to 3,Living together,5th to 9th grade,5th to 9th grade,other,other,home,mother,15 to 30 min.,2 to 5 hours,1,no,yes,no,yes,no,yes,yes,yes,3,3,3,1,2,3,25,7,10,11
42,GP,M,15,Urban,Less than or equal to 3,Living together,higher education,higher education,teacher,other,home,other,<15 min.,<2 hours,0,no,yes,no,no,no,yes,yes,yes,5,4,3,2,4,5,8,12,12,12
43,GP,M,15,Urban,Greater than 3,Living together,higher education,higher education,services,teacher,course,father,<15 min.,2 to 5 hours,0,no,yes,no,yes,yes,yes,yes,no,4,3,3,1,1,5,2,19,18,18
44,GP,M,15,Urban,Greater than 3,Living together,5th to 9th grade,5th to 9th grade,services,services,course,father,<15 min.,<2 hours,0,yes,yes,no,no,yes,yes,yes,no,5,4,1,1,1,1,0,8,8,11
45,GP,F,16,Urban,Less than or equal to 3,Living together,5th to 9th grade,5th to 9th grade,other,at_home,course,father,15 to 30 min.,2 to 5 hours,1,yes,no,no,yes,yes,yes,yes,no,4,3,3,2,2,5,14,10,10,9
46,GP,F,15,Urban,Less than or equal to 3,Apart,higher education,secondary education,other,other,course,mother,<15 min.,2 to 5 hours,0,yes,yes,yes,yes,yes,yes,yes,yes,5,2,2,1,1,5,8,8,8,6
47,GP,F,16,Urban,Less than or equal to 3,Apart,secondary education,secondary education,other,services,home,mother,<15 min.,2 to 5 hours,0,no,yes,no,no,yes,yes,yes,no,2,3,5,1,4,3,12,11,12,11
48,GP,M,16,Urban,Greater than 3,Living together,higher education,secondary education,health,services,reputation,mother,<15 min.,>10 hours,0,no,no,no,yes,yes,yes,yes,no,4,2,2,1,1,2,4,19,19,20
49,GP,M,15,Urban,Greater than 3,Living together,higher education,5th to 9th grade,teacher,other,home,mother,<15 min.,2 to 5 hours,0,no,yes,yes,no,yes,yes,no,no,4,3,3,2,2,5,2,15,15,14
50,GP,F,15,Urban,Greater than 3,Living together,higher education,higher education,services,teacher,other,father,<15 min.,2 to 5 hours,1,yes,yes,no,yes,no,yes,yes,no,4,4,4,1,1,3,2,7,7,7
51,GP,F,16,Urban,Less than or equal to 3,Living together,5th to 9th grade,5th to 9th grade,services,services,course,mother,30 min. to 1 hour,2 to 5 hours,0,no,yes,yes,no,yes,yes,yes,no,4,3,3,2,3,4,2,12,13,13
52,GP,F,15,Urban,Less than or equal to 3,Living together,higher education,5th to 9th grade,health,other,other,mother,<15 min.,2 to 5 hours,0,no,yes,yes,no,yes,yes,yes,no,4,3,3,1,1,5,2,11,13,13
53,GP,M,15,Urban,Less than or equal to 3,Apart,higher education,5th to 9th grade,health,health,other,father,15 to 30 min.,<2 hours,1,no,no,no,no,yes,yes,no,no,5,5,5,3,4,5,6,11,11,10
54,GP,F,15,Urban,Greater than 3,Living together,higher education,higher education,services,services,course,mother,<15 min.,<2 hours,0,yes,yes,yes,no,yes,yes,yes,no,3,3,4,2,3,5,0,8,10,11
55,GP,F,15,Urban,Less than or equal to 3,Apart,secondary education,secondary education,other,other,other,mother,<15 min.,<2 hours,0,no,no,yes,no,yes,yes,yes,no,5,3,4,4,4,1,6,10,13,13
56,GP,F,16,Urban,Greater than 3,Apart,5th to 9th grade,primary education (4th grade),other,other,other,mother,<15 min.,2 to 5 hours,0,no,no,yes,yes,yes,yes,yes,yes,5,3,4,1,1,2,8,8,9,10
57,GP,F,15,Urban,Greater than 3,Apart,higher education,secondary education,services,services,reputation,mother,<15 min.,2 to 5 hours,0,no,yes,yes,yes,yes,yes,yes,no,4,3,2,1,1,1,0,14,15,15
58,GP,M,15,Urban,Greater than 3,Living together,higher education,higher education,teacher,health,reputation,mother,<15 min.,2 to 5 hours,0,no,yes,no,yes,yes,yes,no,no,3,2,2,1,1,5,4,14,15,15
59,GP,M,15,Urban,Less than or equal to 3,Living together,primary education (4th grade),5th to 9th grade,other,at_home,home,father,<15 min.,2 to 5 hours,0,yes,yes,no,yes,yes,yes,yes,no,4,3,2,1,1,5,2,9,10,9
60,GP,F,16,Urban,Greater than 3,Living together,higher education,5th to 9th grade,services,other,course,mother,<15 min.,2 to 5 hours,0,no,yes,no,no,yes,yes,yes,no,4,2,3,1,1,5,2,15,16,16
61,GP,F,16,Rural,Greater than 3,Living together,higher education,higher education,health,teacher,other,mother,<15 min.,2 to 5 hours,0,no,yes,no,yes,yes,yes,no,no,2,4,4,2,3,4,6,10,11,11
62,GP,F,16,Urban,Greater than 3,Living together,primary education (4th grade),primary education (4th grade),services,services,course,father,>1 hour,<2 hours,0,yes,yes,no,yes,no,yes,yes,yes,5,5,5,5,5,5,6,10,8,11
63,GP,F,16,Urban,Less than or equal to 3,Living together,primary education (4th grade),5th to 9th grade,other,services,reputation,father,<15 min.,2 to 5 hours,0,yes,no,no,yes,yes,yes,yes,no,4,4,3,1,1,1,4,8,10,9
64,GP,F,16,Urban,Greater than 3,Living together,higher education,secondary education,teacher,health,home,mother,<15 min.,5 to 10 hours,0,yes,yes,yes,yes,yes,yes,yes,no,3,4,4,2,4,4,2,10,9,9
65,GP,F,15,Urban,Less than or equal to 3,Living together,higher education,secondary education,services,services,reputation,father,<15 min.,2 to 5 hours,0,yes,no,no,yes,yes,yes,yes,yes,4,4,4,2,4,2,0,10,10,10
66,GP,F,16,Urban,Less than or equal to 3,Living together,higher education,secondary education,teacher,services,course,mother,30 min. to 1 hour,2 to 5 hours,0,no,yes,no,yes,yes,yes,yes,no,5,4,3,1,2,1,2,16,15,15
67,GP,M,15,Urban,Greater than 3,Apart,higher education,higher education,other,services,reputation,mother,<15 min.,>10 hours,0,no,yes,no,yes,no,yes,yes,yes,1,3,3,5,5,3,4,13,13,12
68,GP,F,16,Urban,Greater than 3,Living together,secondary education,primary education (4th grade),services,other,course,mother,<15 min.,>10 hours,0,yes,yes,yes,no,yes,yes,yes,no,4,3,3,1,2,5,4,7,7,6
69,GP,F,15,Rural,Less than or equal to 3,Living together,5th to 9th grade,5th to 9th grade,health,services,reputation,mother,15 to 30 min.,2 to 5 hours,0,yes,yes,yes,no,yes,yes,yes,no,4,1,3,1,3,4,2,8,9,8
70,GP,F,15,Rural,Less than or equal to 3,Living together,secondary education,primary education (4th grade),other,other,reputation,father,15 to 30 min.,>10 hours,0,no,yes,no,no,no,yes,yes,no,4,4,2,2,3,3,12,16,16,16
71,GP,M,16,Urban,Greater than 3,Living together,secondary education,primary education (4th grade),other,other,reputation,father,15 to 30 min.,>10 hours,0,no,yes,yes,no,yes,yes,yes,no,4,3,2,1,1,5,0,13,15,15
72,GP,M,15,Urban,Greater than 3,Living together,higher education,5th to 9th grade,other,other,course,mother,<15 min.,>10 hours,0,no,no,no,no,yes,yes,yes,no,3,3,3,1,1,3,0,10,10,10
73,GP,F,15,Rural,Greater than 3,Living together,primary education (4th grade),primary education (4th grade),other,other,reputation,mother,<15 min.,2 to 5 hours,2,yes,yes,no,no,no,yes,yes,yes,3,3,4,2,4,5,2,8,6,5
74,GP,M,16,Urban,Greater than 3,Living together,secondary education,primary education (4th grade),other,other,reputation,mother,<15 min.,<2 hours,0,no,no,no,yes,yes,yes,no,no,5,3,2,2,2,5,2,12,12,14
75,GP,F,16,Urban,Greater than 3,Living together,secondary education,secondary education,other,services,home,mother,<15 min.,2 to 5 hours,0,yes,yes,yes,yes,yes,yes,yes,no,4,3,3,2,4,5,54,11,12,11
76,GP,M,15,Urban,Greater than 3,Living together,higher education,secondary education,teacher,other,home,mother,<15 min.,2 to 5 hours,0,no,yes,yes,yes,yes,yes,yes,no,4,3,3,2,3,5,6,9,9,10
77,GP,M,15,Urban,Greater than 3,Living together,higher education,none,teacher,other,course,mother,15 to 30 min.,>10 hours,0,no,no,no,yes,yes,yes,yes,no,3,4,3,1,1,1,8,11,11,10
78,GP,F,16,Urban,Greater than 3,Living together,5th to 9th grade,5th to 9th grade,other,other,reputation,mother,<15 min.,>10 hours,0,no,no,yes,no,yes,yes,yes,yes,5,2,3,1,3,3,0,11,11,11
79,GP,M,17,Urban,Greater than 3,Living together,5th to 9th grade,primary education (4th grade),other,other,home,mother,15 to 30 min.,<2 hours,3,yes,yes,no,yes,yes,no,yes,no,4,5,1,1,1,3,2,8,8,10
80,GP,F,16,Urban,Greater than 3,Living together,secondary education,higher education,at_home,other,course,mother,<15 min.,2 to 5 hours,0,no,yes,no,no,yes,yes,yes,no,2,4,3,1,2,3,12,5,5,5
81,GP,M,15,Urban,Greater than 3,Living together,5th to 9th grade,secondary education,other,services,course,father,<15 min.,<2 hours,0,yes,yes,yes,yes,no,yes,yes,yes,3,2,2,1,3,3,2,10,12,12
82,GP,M,15,Urban,Greater than 3,Living together,5th to 9th grade,secondary education,other,other,home,mother,<15 min.,5 to 10 hours,0,yes,no,yes,no,no,yes,yes,no,5,3,2,1,2,5,4,11,10,11
83,GP,F,15,Urban,Less than or equal to 3,Living together,secondary education,5th to 9th grade,services,other,reputation,mother,<15 min.,2 to 5 hours,0,no,yes,yes,no,yes,yes,yes,no,4,4,4,1,1,5,10,7,6,6
84,GP,M,15,Urban,Less than or equal to 3,Living together,5th to 9th grade,5th to 9th grade,services,services,home,mother,15 to 30 min.,2 to 5 hours,0,no,no,yes,yes,yes,yes,yes,no,5,3,3,1,3,4,4,15,15,15
85,GP,F,15,Urban,Greater than 3,Living together,primary education (4th grade),primary education (4th grade),other,other,home,father,<15 min.,2 to 5 hours,0,no,yes,no,yes,no,yes,yes,no,4,3,2,2,3,4,2,9,10,10
86,GP,F,15,Urban,Greater than 3,Living together,higher education,higher education,services,services,reputation,father,15 to 30 min.,2 to 5 hours,2,no,no,yes,no,yes,yes,yes,yes,4,4,4,2,3,5,6,7,9,8
87,GP,F,16,Urban,Less than or equal to 3,Living together,5th to 9th grade,5th to 9th grade,at_home,other,course,mother,<15 min.,2 to 5 hours,0,no,yes,no,no,yes,yes,no,no,4,3,4,1,2,2,4,8,7,6
88,GP,F,15,Urban,Greater than 3,Living together,higher education,5th to 9th grade,other,other,reputation,mother,<15 min.,5 to 10 hours,0,no,yes,no,yes,yes,yes,yes,no,5,3,3,1,3,1,4,13,14,14
89,GP,M,16,Urban,Greater than 3,Living together,5th to 9th grade,5th to 9th grade,services,other,reputation,father,15 to 30 min.,2 to 5 hours,1,no,no,yes,yes,no,yes,yes,no,4,4,2,1,1,3,12,11,10,10
90,GP,M,16,Urban,Less than or equal to 3,Apart,higher education,higher education,teacher,health,reputation,mother,<15 min.,2 to 5 hours,0,no,yes,no,no,yes,yes,no,no,4,1,3,3,5,5,18,8,6,7
91,GP,F,16,Urban,Greater than 3,Living together,secondary education,secondary education,other,other,home,mother,<15 min.,5 to 10 hours,0,no,yes,yes,no,yes,yes,yes,yes,4,3,3,1,3,4,0,7,7,8
92,GP,F,15,Urban,Greater than 3,Living together,higher education,secondary education,services,other,reputation,mother,<15 min.,<2 hours,0,no,no,yes,yes,yes,yes,yes,no,4,5,5,1,3,1,4,16,17,18
93,GP,F,16,Urban,Less than or equal to 3,Living together,secondary education,primary education (4th grade),other,other,home,father,<15 min.,2 to 5 hours,0,yes,yes,no,no,yes,yes,no,no,3,3,3,2,3,2,4,7,6,6
94,GP,F,16,Urban,Greater than 3,Living together,higher education,5th to 9th grade,teacher,services,home,mother,15 to 30 min.,2 to 5 hours,0,no,yes,yes,yes,yes,yes,yes,no,5,3,3,1,1,1,0,11,10,10
95,GP,M,15,Urban,Less than or equal to 3,Living together,5th to 9th grade,5th to 9th grade,services,health,reputation,mother,<15 min.,>10 hours,0,no,yes,no,yes,yes,yes,yes,no,4,3,4,1,1,4,6,11,13,14
96,GP,F,15,Rural,Greater than 3,Living together,primary education (4th grade),primary education (4th grade),at_home,other,home,mother,15 to 30 min.,>10 hours,1,yes,yes,yes,yes,yes,yes,yes,no,3,1,2,1,1,1,2,7,10,10
97,GP,M,16,Rural,Greater than 3,Living together,higher education,secondary education,services,other,reputation,mother,15 to 30 min.,<2 hours,0,yes,yes,no,yes,no,yes,yes,no,3,3,3,1,1,4,2,11,15,15
98,GP,F,16,Urban,Greater than 3,Living together,5th to 9th grade,primary education (4th grade),other,other,course,mother,<15 min.,2 to 5 hours,0,no,yes,yes,no,yes,yes,no,yes,4,3,5,1,1,5,2,8,9,10
99,GP,F,16,Urban,Greater than 3,Living together,higher education,higher education,other,other,reputation,mother,<15 min.,<2 hours,0,no,no,no,yes,no,yes,yes,no,5,3,4,1,2,1,6,11,14,14
100,GP,F,16,Urban,Greater than 3,Living together,higher education,secondary education,other,at_home,course,mother,<15 min.,5 to 10 hours,0,yes,yes,yes,no,yes,yes,yes,no,5,3,5,1,1,3,0,7,9,8
101,GP,M,16,Urban,Greater than 3,Living together,higher education,higher education,services,services,other,mother,<15 min.,<2 hours,0,yes,yes,yes,yes,yes,yes,yes,no,4,5,5,5,5,4,14,7,7,5
102,GP,M,16,Urban,Greater than 3,Living together,higher education,higher education,services,teacher,other,father,<15 min.,5 to 10 hours,0,no,yes,no,yes,yes,yes,yes,yes,4,4,3,1,1,4,0,16,17,17
103,GP,M,15,Urban,Greater than 3,Living together,higher education,higher education,services,other,course,mother,<15 min.,<2 hours,0,no,yes,no,yes,no,yes,yes,no,5,3,3,1,1,5,4,10,13,14
104,GP,F,15,Urban,Greater than 3,Living together,secondary education,5th to 9th grade,services,other,home,mother,15 to 30 min.,2 to 5 hours,0,yes,yes,yes,no,yes,yes,yes,no,4,3,5,1,1,2,26,7,6,6
105,GP,M,15,Urban,Greater than 3,Apart,secondary education,higher education,services,other,course,mother,<15 min.,2 to 5 hours,0,no,yes,yes,yes,yes,yes,yes,no,5,4,4,1,1,1,0,16,18,18
106,GP,F,15,Urban,Greater than 3,Apart,secondary education,secondary education,other,health,reputation,father,<15 min.,>10 hours,0,yes,no,no,no,yes,yes,no,no,4,3,3,1,1,4,10,10,11,11
107,GP,F,15,Urban,Greater than 3,Living together,5th to 9th grade,5th to 9th grade,other,other,course,mother,<15 min.,>10 hours,0,yes,yes,yes,no,yes,yes,yes,no,5,1,2,1,1,3,8,7,8,8
108,GP,M,16,Urban,Greater than 3,Living together,secondary education,secondary education,services,other,home,father,<15 min.,5 to 10 hours,0,no,yes,no,yes,yes,yes,yes,no,5,3,3,1,1,5,2,16,18,18
109,GP,M,15,Rural,Greater than 3,Living together,higher education,higher education,other,other,home,father,>1 hour,>10 hours,0,no,yes,yes,yes,yes,yes,yes,yes,1,3,5,3,5,1,6,10,13,13
110,GP,F,16,Urban,Less than or equal to 3,Living together,higher education,higher education,health,health,other,mother,<15 min.,5 to 10 hours,0,no,yes,yes,yes,yes,yes,yes,yes,5,4,5,1,1,4,4,14,15,16
111,GP,M,15,Urban,Less than or equal to 3,Apart,higher education,higher education,teacher,teacher,course,mother,<15 min.,<2 hours,0,no,no,no,yes,yes,yes,yes,no,5,5,3,1,1,4,6,18,19,19
112,GP,F,16,Rural,Greater than 3,Living together,secondary education,secondary education,services,other,reputation,father,<15 min.,5 to 10 hours,1,yes,yes,no,yes,yes,yes,yes,no,4,1,2,1,1,2,0,7,10,10
113,GP,F,16,Urban,Greater than 3,Living together,5th to 9th grade,5th to 9th grade,at_home,other,home,mother,<15 min.,2 to 5 hours,1,yes,no,no,yes,yes,yes,yes,no,3,1,2,1,1,5,6,10,13,13
114,GP,M,15,Urban,Less than or equal to 3,Living together,higher education,5th to 9th grade,teacher,other,course,mother,<15 min.,<2 hours,0,no,no,no,no,yes,yes,yes,no,3,5,2,1,1,3,10,18,19,19
115,GP,M,15,Rural,Greater than 3,Living together,5th to 9th grade,primary education (4th grade),health,services,reputation,mother,<15 min.,2 to 5 hours,0,no,no,no,yes,yes,yes,yes,yes,5,4,2,1,1,5,8,9,9,9
116,GP,M,16,Urban,Greater than 3,Living together,higher education,higher education,teacher,teacher,course,father,<15 min.,2 to 5 hours,0,no,yes,no,yes,yes,yes,yes,no,5,4,4,1,2,5,2,15,15,16
117,GP,M,15,Urban,Greater than 3,Living together,higher education,higher education,other,teacher,reputation,father,15 to 30 min.,2 to 5 hours,0,no,yes,no,yes,yes,yes,no,no,4,4,3,1,1,2,2,11,13,14
118,GP,M,16,Urban,Greater than 3,Living together,secondary education,secondary education,other,services,home,father,15 to 30 min.,<2 hours,0,no,no,no,yes,yes,yes,yes,no,5,4,2,1,1,5,0,13,14,13
119,GP,M,17,Rural,Greater than 3,Living together,primary education (4th grade),secondary education,other,other,course,father,30 min. to 1 hour,2 to 5 hours,1,no,yes,no,yes,yes,yes,yes,no,5,2,4,1,4,5,20,9,7,8
120,GP,M,15,Urban,Greater than 3,Living together,secondary education,higher education,other,other,reputation,father,<15 min.,<2 hours,0,no,no,no,no,yes,yes,yes,no,3,4,3,1,2,4,6,14,13,13
121,GP,F,15,Urban,Greater than 3,Living together,primary education (4th grade),5th to 9th grade,at_home,services,course,mother,<15 min.,2 to 5 hours,0,no,no,no,no,no,yes,yes,no,3,2,3,1,2,1,2,16,15,15
122,GP,M,15,Urban,Greater than 3,Living together,5th to 9th grade,5th to 9th grade,services,services,home,father,<15 min.,>10 hours,0,no,yes,yes,yes,yes,yes,yes,no,5,5,4,1,2,5,6,16,14,15
123,GP,F,16,Urban,Less than or equal to 3,Living together,5th to 9th grade,higher education,other,health,course,father,15 to 30 min.,2 to 5 hours,0,no,yes,yes,yes,yes,yes,yes,yes,4,2,2,1,2,5,2,13,13,13
124,GP,M,16,Urban,Greater than 3,Living together,higher education,higher education,health,other,course,mother,<15 min.,<2 hours,0,no,yes,no,yes,yes,yes,yes,no,3,4,4,1,4,5,18,14,11,13
125,GP,F,16,Urban,Greater than 3,Living together,5th to 9th grade,5th to 9th grade,other,other,home,mother,<15 min.,2 to 5 hours,0,no,no,yes,no,yes,yes,yes,yes,5,4,4,1,1,5,0,8,7,8
126,GP,M,15,Urban,Greater than 3,Living together,secondary education,higher education,services,services,home,father,<15 min.,<2 hours,0,yes,no,no,no,yes,yes,yes,no,5,5,5,3,2,5,0,13,13,12
127,GP,F,15,Urban,Less than or equal to 3,Apart,secondary education,higher education,other,other,home,mother,<15 min.,2 to 5 hours,0,yes,no,no,yes,yes,yes,yes,yes,5,3,2,1,1,1,0,7,10,11
128,GP,F,19,Urban,Greater than 3,Living together,none,primary education (4th grade),at_home,other,course,other,<15 min.,2 to 5 hours,3,no,yes,no,no,no,no,no,no,3,4,2,1,1,5,2,7,8,9
129,GP,M,18,Rural,Greater than 3,Living together,5th to 9th grade,5th to 9th grade,services,other,reputation,mother,<15 min.,<2 hours,2,no,yes,no,yes,yes,yes,yes,no,3,3,3,1,2,4,0,7,4,0
130,GP,M,16,Rural,Greater than 3,Living together,higher education,higher education,teacher,teacher,course,mother,<15 min.,<2 hours,0,no,no,yes,yes,yes,yes,yes,no,3,5,5,2,5,4,8,18,18,18
131,GP,F,15,Rural,Greater than 3,Living together,secondary education,higher education,services,teacher,course,father,15 to 30 min.,5 to 10 hours,2,no,yes,no,no,yes,yes,yes,yes,4,2,2,2,2,5,0,12,0,0
132,GP,F,15,Urban,Greater than 3,Living together,primary education (4th grade),primary education (4th grade),at_home,other,course,mother,30 min. to 1 hour,<2 hours,0,no,yes,no,yes,no,yes,yes,yes,4,3,3,1,2,4,0,8,0,0
133,GP,F,17,Urban,Less than or equal to 3,Living together,5th to 9th grade,5th to 9th grade,other,other,course,father,<15 min.,<2 hours,0,no,yes,no,no,yes,yes,yes,yes,3,4,4,1,3,5,12,10,13,12
134,GP,F,16,Urban,Greater than 3,Apart,secondary education,higher education,services,other,course,father,<15 min.,<2 hours,0,no,no,no,no,yes,yes,yes,no,3,2,1,1,4,5,16,12,11,11
135,GP,M,15,Rural,Greater than 3,Living together,secondary education,higher education,at_home,teacher,course,mother,>1 hour,2 to 5 hours,0,no,yes,no,no,yes,yes,no,yes,5,3,3,1,1,5,0,9,0,0
136,GP,F,15,Urban,Greater than 3,Living together,higher education,higher education,services,at_home,course,mother,<15 min.,5 to 10 hours,0,no,yes,no,yes,yes,yes,yes,yes,4,3,3,1,1,5,0,11,0,0
137,GP,M,17,Rural,Greater than 3,Living together,secondary education,higher education,at_home,other,course,mother,30 min. to 1 hour,2 to 5 hours,0,no,no,no,no,yes,yes,no,no,5,4,5,2,4,5,0,10,0,0
138,GP,F,16,Urban,Greater than 3,Apart,secondary education,secondary education,other,other,course,other,15 to 30 min.,<2 hours,2,no,yes,no,yes,no,yes,yes,yes,4,3,2,1,1,5,0,4,0,0
139,GP,M,16,Urban,Less than or equal to 3,Living together,primary education (4th grade),primary education (4th grade),services,other,course,mother,<15 min.,2 to 5 hours,1,no,no,no,no,yes,yes,no,yes,4,4,4,1,3,5,0,14,12,12
140,GP,F,15,Urban,Greater than 3,Living together,higher education,higher education,teacher,teacher,course,mother,15 to 30 min.,<2 hours,0,no,no,no,yes,yes,yes,yes,no,4,3,2,1,1,5,0,16,16,15
141,GP,M,15,Urban,Greater than 3,Living together,higher education,secondary education,teacher,services,course,father,15 to 30 min.,>10 hours,0,yes,yes,no,no,yes,yes,yes,no,2,2,2,1,1,3,0,7,9,0
142,GP,M,16,Urban,Less than or equal to 3,Living together,5th to 9th grade,5th to 9th grade,services,services,reputation,father,15 to 30 min.,<2 hours,2,no,yes,no,yes,yes,yes,yes,no,2,3,3,2,2,2,8,9,9,9
143,GP,F,15,Urban,Greater than 3,Living together,higher education,higher education,teacher,services,course,mother,<15 min.,5 to 10 hours,0,no,yes,yes,yes,yes,yes,yes,no,4,2,2,1,1,5,2,9,11,11
144,GP,F,16,Urban,Less than or equal to 3,Living together,primary education (4th grade),primary education (4th grade),at_home,at_home,course,mother,<15 min.,<2 hours,0,no,no,no,no,yes,yes,yes,no,3,4,4,3,3,1,2,14,14,13
145,GP,M,17,Urban,Greater than 3,Living together,5th to 9th grade,primary education (4th grade),other,other,home,mother,<15 min.,<2 hours,3,no,yes,no,no,yes,yes,yes,no,5,4,5,1,2,5,0,5,0,0
146,GP,F,15,Urban,Greater than 3,Living together,primary education (4th grade),primary education (4th grade),other,services,course,father,<15 min.,2 to 5 hours,0,no,yes,yes,no,yes,yes,yes,no,4,4,2,1,2,5,0,8,11,11
147,GP,F,15,Urban,Greater than 3,Living together,secondary education,5th to 9th grade,health,services,home,father,<15 min.,2 to 5 hours,3,no,yes,no,no,yes,yes,yes,no,3,3,2,1,1,3,0,6,7,0
148,GP,F,15,Urban,Greater than 3,Living together,primary education (4th grade),5th to 9th grade,at_home,other,course,mother,<15 min.,2 to 5 hours,0,no,yes,yes,no,no,yes,yes,no,4,3,2,1,1,5,2,10,11,11
149,GP,M,16,Urban,Greater than 3,Living together,higher education,higher education,teacher,teacher,course,mother,<15 min.,<2 hours,0,no,yes,no,no,yes,no,yes,yes,3,3,2,2,1,5,0,7,6,0
150,GP,M,15,Urban,Less than or equal to 3,Apart,5th to 9th grade,primary education (4th grade),services,other,course,mother,>1 hour,<2 hours,3,no,no,no,no,yes,yes,yes,no,4,5,5,2,5,5,0,8,9,10
151,GP,M,18,Urban,Less than or equal to 3,Living together,primary education (4th grade),primary education (4th grade),other,other,course,mother,<15 min.,<2 hours,3,no,no,no,no,yes,no,yes,yes,2,3,5,2,5,4,0,6,5,0
152,GP,M,16,Urban,Less than or equal to 3,Living together,5th to 9th grade,primary education (4th grade),at_home,other,course,mother,<15 min.,<2 hours,1,no,no,no,yes,yes,yes,no,yes,4,4,4,3,5,5,6,12,13,14
153,GP,F,15,Rural,Greater than 3,Living together,secondary education,secondary education,services,services,reputation,other,15 to 30 min.,5 to 10 hours,2,no,yes,yes,yes,yes,yes,yes,yes,4,2,1,2,3,3,8,10,10,10
154,GP,M,19,Urban,Greater than 3,Living together,secondary education,5th to 9th grade,services,at_home,home,mother,<15 min.,<2 hours,3,no,yes,no,no,yes,no,yes,yes,4,5,4,1,1,4,0,5,0,0
155,GP,F,17,Urban,Greater than 3,Living together,higher education,higher education,other,teacher,course,mother,<15 min.,<2 hours,0,yes,yes,no,no,yes,yes,no,yes,4,2,1,1,1,4,0,11,11,12
156,GP,M,15,Rural,Greater than 3,Living together,5th to 9th grade,secondary education,at_home,services,course,mother,<15 min.,2 to 5 hours,0,yes,no,yes,yes,yes,yes,no,no,4,4,4,1,1,1,2,11,8,8
157,GP,M,17,Rural,Less than or equal to 3,Living together,primary education (4th grade),5th to 9th grade,other,other,reputation,mother,<15 min.,<2 hours,0,no,no,no,no,yes,yes,no,no,2,2,2,3,3,5,8,16,12,13
158,GP,F,18,Rural,Greater than 3,Living together,primary education (4th grade),primary education (4th grade),at_home,other,course,mother,30 min. to 1 hour,<2 hours,3,no,yes,no,yes,no,yes,no,no,5,2,5,1,5,4,6,9,8,10
159,GP,M,16,Rural,Greater than 3,Living together,5th to 9th grade,5th to 9th grade,at_home,other,course,mother,30 min. to 1 hour,<2 hours,0,no,no,no,no,no,yes,no,no,4,2,2,1,2,3,2,17,15,15
160,GP,M,16,Urban,Greater than 3,Living together,secondary education,secondary education,other,services,course,father,<15 min.,2 to 5 hours,1,no,yes,yes,no,yes,yes,yes,yes,4,5,5,4,4,5,4,10,12,12
161,GP,M,17,Rural,Less than or equal to 3,Living together,5th to 9th grade,primary education (4th grade),at_home,other,course,mother,15 to 30 min.,<2 hours,2,no,no,no,yes,yes,no,yes,yes,3,3,2,2,2,5,0,7,6,0
162,GP,M,15,Rural,Greater than 3,Living together,secondary education,5th to 9th grade,other,other,course,mother,15 to 30 min.,2 to 5 hours,2,yes,yes,no,no,yes,yes,yes,yes,4,4,4,1,4,3,6,5,9,7
163,GP,M,16,Urban,Less than or equal to 3,Living together,primary education (4th grade),5th to 9th grade,other,other,course,mother,15 to 30 min.,<2 hours,1,no,no,no,yes,yes,yes,no,no,4,4,4,2,4,5,0,7,0,0
164,GP,M,17,Urban,Greater than 3,Living together,primary education (4th grade),secondary education,at_home,services,course,father,<15 min.,<2 hours,0,no,no,no,no,yes,no,yes,no,5,3,3,1,4,2,2,10,10,10
165,GP,M,17,Rural,Less than or equal to 3,Living together,primary education (4th grade),primary education (4th grade),other,services,course,mother,>1 hour,2 to 5 hours,3,no,no,no,yes,yes,no,no,yes,5,3,5,1,5,5,0,5,8,7
166,GP,M,16,Urban,Greater than 3,Living together,secondary education,5th to 9th grade,services,services,course,mother,15 to 30 min.,<2 hours,1,no,yes,no,yes,no,no,no,no,4,5,2,1,1,2,16,12,11,12
167,GP,M,16,Urban,Greater than 3,Living together,5th to 9th grade,5th to 9th grade,other,other,course,father,<15 min.,2 to 5 hours,0,no,no,no,no,yes,no,yes,no,4,3,5,2,4,4,4,10,10,10
168,GP,F,16,Urban,Greater than 3,Living together,higher education,5th to 9th grade,health,services,home,father,<15 min.,2 to 5 hours,0,no,no,yes,no,yes,yes,yes,yes,4,2,3,1,1,3,0,14,15,16
169,GP,F,16,Urban,Greater than 3,Living together,5th to 9th grade,5th to 9th grade,other,other,home,mother,<15 min.,2 to 5 hours,0,no,yes,yes,no,no,yes,yes,no,5,1,5,1,1,4,0,6,7,0
170,GP,F,16,Urban,Greater than 3,Living together,higher education,higher education,health,health,reputation,mother,<15 min.,2 to 5 hours,0,no,yes,yes,no,yes,yes,yes,yes,4,4,2,1,1,3,0,14,14,14
171,GP,M,16,Urban,Greater than 3,Living together,secondary education,higher education,other,other,course,father,30 min. to 1 hour,<2 hours,2,no,yes,no,yes,no,yes,yes,no,3,4,5,2,4,2,0,6,5,0
172,GP,M,16,Urban,Greater than 3,Living together,primary education (4th grade),none,other,other,reputation,mother,15 to 30 min.,2 to 5 hours,0,no,yes,yes,yes,yes,yes,yes,yes,4,3,2,1,1,3,2,13,15,16
173,GP,M,17,Urban,Less than or equal to 3,Living together,higher education,higher education,teacher,other,reputation,mother,<15 min.,2 to 5 hours,0,no,yes,yes,yes,yes,yes,yes,no,4,4,4,1,3,5,0,13,11,10
174,GP,F,16,Urban,Greater than 3,Living together,primary education (4th grade),secondary education,at_home,services,home,mother,<15 min.,2 to 5 hours,3,no,no,no,yes,no,yes,yes,yes,4,3,5,1,1,3,0,8,7,0
175,GP,F,16,Urban,Less than or equal to 3,Living together,secondary education,secondary education,other,other,reputation,mother,15 to 30 min.,2 to 5 hours,0,no,yes,yes,yes,yes,yes,yes,no,4,4,5,1,1,4,4,10,11,9
176,GP,M,17,Urban,Less than or equal to 3,Living together,higher education,secondary education,teacher,other,course,mother,15 to 30 min.,2 to 5 hours,0,no,no,yes,yes,yes,yes,yes,no,4,4,4,4,4,4,4,10,9,9
177,GP,F,16,Urban,Greater than 3,Living together,5th to 9th grade,5th to 9th grade,services,other,reputation,mother,15 to 30 min.,2 to 5 hours,0,no,no,yes,yes,no,yes,yes,no,3,4,4,1,4,5,2,13,13,11
178,GP,M,17,Urban,Greater than 3,Living together,secondary education,secondary education,other,other,reputation,father,<15 min.,2 to 5 hours,0,no,no,no,yes,no,yes,yes,no,4,3,4,1,4,4,4,6,5,6
179,GP,M,16,Rural,Greater than 3,Living together,higher education,5th to 9th grade,teacher,services,other,mother,<15 min.,<2 hours,0,no,yes,no,yes,yes,yes,yes,yes,4,3,3,3,4,3,10,10,8,9
180,GP,M,17,Urban,Greater than 3,Living together,higher education,secondary education,other,other,course,mother,<15 min.,2 to 5 hours,0,no,yes,no,yes,yes,yes,yes,yes,5,2,3,1,1,2,4,10,10,11
181,GP,M,16,Urban,Greater than 3,Living together,higher education,secondary education,teacher,other,home,mother,<15 min.,2 to 5 hours,0,no,yes,yes,yes,yes,yes,yes,no,3,4,3,2,3,3,10,9,8,8
182,GP,M,16,Urban,Greater than 3,Living together,secondary education,secondary education,services,other,home,mother,<15 min.,2 to 5 hours,0,no,no,yes,yes,yes,yes,yes,yes,4,2,3,1,2,3,2,12,13,12
183,GP,F,17,Urban,Greater than 3,Living together,5th to 9th grade,higher education,services,services,reputation,father,<15 min.,2 to 5 hours,0,no,yes,no,yes,yes,yes,no,no,5,4,2,2,3,5,0,16,17,17
184,GP,F,17,Urban,Less than or equal to 3,Living together,secondary education,secondary education,other,other,reputation,mother,<15 min.,2 to 5 hours,0,no,yes,no,yes,yes,yes,yes,yes,5,3,3,2,3,1,56,9,9,8
185,GP,F,16,Urban,Greater than 3,Living together,secondary education,5th to 9th grade,other,other,reputation,mother,<15 min.,2 to 5 hours,0,no,yes,yes,no,yes,yes,yes,no,1,2,2,1,2,1,14,12,13,12
186,GP,M,17,Urban,Greater than 3,Living together,secondary education,secondary education,services,services,other,mother,<15 min.,2 to 5 hours,0,no,yes,no,yes,yes,yes,yes,yes,4,3,4,2,3,4,12,12,12,11
187,GP,M,16,Urban,Greater than 3,Living together,primary education (4th grade),5th to 9th grade,services,services,other,mother,<15 min.,<2 hours,0,no,yes,yes,yes,yes,yes,yes,yes,3,3,3,1,2,3,2,11,12,11
188,GP,M,16,Urban,Less than or equal to 3,Living together,5th to 9th grade,primary education (4th grade),other,other,course,mother,<15 min.,2 to 5 hours,0,no,no,yes,yes,yes,yes,yes,yes,4,2,3,1,2,5,0,15,15,15
189,GP,F,17,Urban,Greater than 3,Apart,secondary education,secondary education,health,other,reputation,mother,<15 min.,2 to 5 hours,0,no,yes,no,no,no,yes,yes,yes,3,3,3,1,3,3,6,8,7,9
190,GP,M,17,Rural,Greater than 3,Living together,primary education (4th grade),5th to 9th grade,at_home,other,home,mother,<15 min.,2 to 5 hours,0,no,no,no,no,yes,yes,no,no,3,1,3,1,5,3,4,8,9,10
191,GP,F,16,Urban,Greater than 3,Living together,5th to 9th grade,secondary education,services,services,course,mother,<15 min.,2 to 5 hours,0,no,no,no,no,yes,yes,yes,no,4,3,3,1,1,2,10,11,12,13
192,GP,F,17,Urban,Greater than 3,Living together,primary education (4th grade),primary education (4th grade),at_home,services,course,mother,<15 min.,2 to 5 hours,0,no,no,no,yes,yes,yes,yes,no,5,3,3,1,1,3,0,8,8,9
193,GP,M,17,Urban,Greater than 3,Living together,primary education (4th grade),5th to 9th grade,at_home,services,other,other,15 to 30 min.,2 to 5 hours,0,no,no,yes,yes,no,yes,yes,no,4,4,4,4,5,5,12,7,8,8
194,GP,M,16,Rural,Greater than 3,Living together,secondary education,secondary education,services,services,reputation,mother,<15 min.,<2 hours,0,no,yes,no,yes,yes,yes,yes,no,4,3,2,3,4,5,8,8,9,10
195,GP,M,16,Urban,Greater than 3,Living together,5th to 9th grade,secondary education,other,other,home,father,15 to 30 min.,<2 hours,0,no,no,no,no,yes,yes,yes,no,5,3,3,1,1,3,0,13,14,14
196,GP,F,17,Urban,Less than or equal to 3,Living together,5th to 9th grade,higher education,services,services,course,father,<15 min.,2 to 5 hours,0,no,no,no,yes,yes,yes,yes,yes,4,3,2,1,1,5,0,14,15,15
197,GP,M,17,Urban,Greater than 3,Living together,higher education,higher education,services,teacher,home,mother,<15 min.,<2 hours,0,no,no,no,no,yes,yes,yes,no,5,2,3,1,2,5,4,17,15,16
198,GP,M,16,Rural,Less than or equal to 3,Living together,secondary education,secondary education,teacher,other,home,father,30 min. to 1 hour,<2 hours,0,no,yes,yes,yes,yes,yes,yes,no,3,3,4,3,5,3,8,9,9,10
199,GP,F,17,Urban,Greater than 3,Living together,higher education,higher education,services,teacher,home,mother,15 to 30 min.,<2 hours,1,no,yes,no,no,yes,yes,yes,no,4,2,4,2,3,2,24,18,18,18
200,GP,F,16,Urban,Less than or equal to 3,Living together,higher education,higher education,teacher,teacher,reputation,mother,<15 min.,2 to 5 hours,0,no,yes,yes,no,yes,yes,yes,no,4,5,2,1,2,3,0,9,9,10
201,GP,F,16,Urban,Greater than 3,Living together,higher education,secondary education,health,other,home,mother,<15 min.,2 to 5 hours,0,no,yes,no,yes,yes,yes,yes,no,4,3,5,1,5,2,2,16,16,16
202,GP,F,16,Urban,Greater than 3,Living together,5th to 9th grade,secondary education,other,other,reputation,mother,<15 min.,2 to 5 hours,0,yes,yes,yes,yes,yes,yes,no,no,4,4,3,1,3,4,6,8,10,10
203,GP,F,17,Urban,Greater than 3,Living together,primary education (4th grade),primary education (4th grade),other,other,course,mother,<15 min.,2 to 5 hours,0,no,yes,yes,no,no,yes,no,no,4,4,4,1,3,1,4,9,9,10
204,GP,F,17,Rural,Greater than 3,Living together,5th to 9th grade,5th to 9th grade,other,other,reputation,mother,<15 min.,<2 hours,0,no,yes,no,no,yes,yes,yes,no,5,3,2,1,2,3,18,7,6,6
205,GP,F,16,Rural,Greater than 3,Living together,5th to 9th grade,5th to 9th grade,services,services,reputation,mother,15 to 30 min.,>10 hours,0,no,yes,yes,yes,no,yes,yes,no,5,3,5,1,1,5,6,10,10,11
206,GP,F,17,Urban,Greater than 3,Living together,secondary education,higher education,at_home,services,home,mother,<15 min.,5 to 10 hours,1,no,yes,yes,no,yes,yes,yes,yes,4,4,3,3,4,5,28,10,9,9
207,GP,F,16,Urban,Greater than 3,Apart,secondary education,primary education (4th grade),services,other,course,mother,<15 min.,2 to 5 hours,3,no,yes,yes,no,yes,yes,yes,no,2,3,3,2,2,4,5,7,7,7
208,GP,F,16,Urban,Greater than 3,Living together,higher education,secondary education,teacher,other,other,mother,<15 min.,2 to 5 hours,0,no,no,yes,yes,yes,yes,yes,yes,1,3,2,1,1,1,10,11,12,13
209,GP,F,16,Urban,Greater than 3,Living together,primary education (4th grade),primary education (4th grade),at_home,other,home,mother,15 to 30 min.,<2 hours,0,no,yes,yes,no,yes,yes,no,no,4,3,2,1,4,5,6,9,9,10
210,GP,F,17,Rural,Greater than 3,Living together,higher education,secondary education,teacher,other,reputation,mother,15 to 30 min.,5 to 10 hours,0,no,yes,yes,yes,yes,yes,yes,yes,4,4,2,1,1,4,6,7,7,7
211,GP,F,19,Urban,Greater than 3,Living together,secondary education,secondary education,other,other,reputation,other,<15 min.,>10 hours,0,no,yes,yes,yes,yes,yes,yes,no,4,3,3,1,2,3,10,8,8,8
212,GP,M,17,Urban,Less than or equal to 3,Living together,higher education,higher education,services,other,home,mother,<15 min.,2 to 5 hours,0,no,yes,yes,no,yes,yes,yes,yes,5,3,5,4,5,3,13,12,12,13
213,GP,F,16,Urban,Greater than 3,Apart,5th to 9th grade,5th to 9th grade,other,other,reputation,mother,<15 min.,2 to 5 hours,0,yes,yes,yes,no,yes,yes,yes,no,3,3,4,1,1,4,0,12,13,14
214,GP,M,18,Urban,Greater than 3,Living together,5th to 9th grade,5th to 9th grade,services,other,home,mother,<15 min.,2 to 5 hours,1,no,yes,yes,yes,yes,yes,yes,no,4,4,4,2,4,5,15,6,7,8
215,GP,F,17,Rural,Less than or equal to 3,Living together,higher education,higher education,services,other,other,mother,<15 min.,<2 hours,0,no,yes,yes,no,yes,yes,no,no,5,2,1,1,2,3,12,8,10,10
216,GP,F,17,Urban,Less than or equal to 3,Living together,secondary education,5th to 9th grade,other,other,reputation,mother,15 to 30 min.,2 to 5 hours,0,no,no,yes,no,yes,yes,yes,no,4,4,4,1,3,1,2,14,15,15
217,GP,F,17,Urban,Greater than 3,Living together,higher education,secondary education,other,other,reputation,mother,<15 min.,2 to 5 hours,2,no,no,yes,no,yes,yes,yes,yes,3,4,5,2,4,1,22,6,6,4
218,GP,M,18,Urban,Less than or equal to 3,Living together,secondary education,secondary education,services,health,home,father,<15 min.,2 to 5 hours,1,no,yes,yes,no,yes,yes,yes,no,3,2,4,2,4,4,13,6,6,8
219,GP,F,17,Urban,Greater than 3,Living together,5th to 9th grade,secondary education,at_home,other,home,father,15 to 30 min.,<2 hours,0,no,yes,yes,no,yes,yes,no,no,3,3,3,1,4,3,3,7,7,8
220,GP,F,17,Urban,Greater than 3,Living together,5th to 9th grade,5th to 9th grade,at_home,at_home,course,mother,<15 min.,5 to 10 hours,0,no,yes,yes,yes,yes,yes,yes,no,4,3,3,1,1,4,4,9,10,10
221,GP,F,17,Rural,Greater than 3,Living together,5th to 9th grade,primary education (4th grade),at_home,services,reputation,mother,15 to 30 min.,2 to 5 hours,0,no,yes,no,yes,yes,yes,yes,no,4,2,5,1,2,5,2,6,6,6
222,GP,F,17,Urban,Greater than 3,Living together,primary education (4th grade),primary education (4th grade),at_home,other,reputation,mother,<15 min.,5 to 10 hours,1,no,yes,no,yes,yes,yes,no,yes,4,3,4,1,1,5,0,6,5,0
223,GP,F,16,Urban,Greater than 3,Living together,5th to 9th grade,secondary education,services,teacher,other,mother,<15 min.,2 to 5 hours,0,yes,no,no,no,yes,yes,yes,no,2,3,1,1,1,3,2,16,16,17
224,GP,M,18,Urban,Greater than 3,Living together,5th to 9th grade,5th to 9th grade,other,other,home,mother,15 to 30 min.,2 to 5 hours,0,no,yes,yes,no,yes,yes,yes,no,3,3,3,5,5,4,0,12,13,13
225,GP,F,16,Urban,Greater than 3,Living together,higher education,higher education,teacher,services,home,mother,<15 min.,5 to 10 hours,0,no,yes,no,yes,no,yes,yes,no,5,3,2,1,1,5,0,13,13,14
226,GP,F,18,Rural,Greater than 3,Living together,secondary education,primary education (4th grade),other,other,reputation,mother,<15 min.,2 to 5 hours,1,no,no,no,yes,yes,yes,yes,yes,5,3,3,1,1,4,16,9,8,7
227,GP,F,17,Urban,Greater than 3,Living together,secondary education,5th to 9th grade,other,other,course,mother,<15 min.,2 to 5 hours,0,no,no,no,yes,no,yes,yes,no,5,3,4,1,3,3,10,16,15,15
228,GP,M,17,Urban,Less than or equal to 3,Living together,5th to 9th grade,secondary education,services,services,reputation,father,<15 min.,2 to 5 hours,0,no,yes,yes,no,no,yes,yes,no,5,3,3,1,3,3,2,12,11,12
229,GP,M,18,Urban,Less than or equal to 3,Living together,5th to 9th grade,primary education (4th grade),at_home,other,course,mother,>1 hour,2 to 5 hours,0,yes,yes,yes,yes,yes,yes,yes,yes,4,3,2,4,5,3,14,10,8,9
230,GP,F,17,Urban,Greater than 3,Apart,5th to 9th grade,primary education (4th grade),other,other,course,mother,15 to 30 min.,5 to 10 hours,0,no,no,no,yes,yes,yes,yes,yes,3,2,3,1,2,3,10,12,10,12
231,GP,F,17,Urban,Less than or equal to 3,Living together,higher education,secondary education,health,other,reputation,father,<15 min.,2 to 5 hours,0,no,no,no,yes,yes,yes,yes,yes,3,2,3,1,2,3,14,13,13,14
232,GP,M,17,Rural,Greater than 3,Living together,5th to 9th grade,5th to 9th grade,other,other,course,father,15 to 30 min.,2 to 5 hours,0,no,yes,yes,yes,yes,yes,yes,no,4,5,2,1,1,1,4,11,11,11
233,GP,M,17,Urban,Greater than 3,Living together,higher education,higher education,teacher,teacher,reputation,mother,<15 min.,2 to 5 hours,0,yes,yes,no,yes,yes,yes,yes,yes,4,5,5,1,3,2,14,11,9,9
234,GP,M,16,Urban,Greater than 3,Living together,higher education,higher education,health,other,reputation,father,<15 min.,2 to 5 hours,0,no,yes,yes,yes,yes,yes,yes,no,4,2,4,2,4,1,2,14,13,13
235,GP,M,16,Urban,Less than or equal to 3,Living together,primary education (4th grade),primary education (4th grade),other,other,home,mother,15 to 30 min.,2 to 5 hours,0,no,yes,yes,no,yes,yes,yes,no,3,4,2,1,1,5,18,9,7,6
236,GP,M,16,Urban,Greater than 3,Living together,secondary education,5th to 9th grade,at_home,other,reputation,mother,15 to 30 min.,5 to 10 hours,0,no,no,no,yes,yes,yes,yes,yes,5,3,3,1,3,2,10,11,9,10
237,GP,M,17,Urban,Less than or equal to 3,Living together,5th to 9th grade,5th to 9th grade,other,other,home,father,<15 min.,2 to 5 hours,0,no,no,yes,yes,no,yes,yes,yes,4,4,2,5,5,4,4,14,13,13
238,GP,F,16,Urban,Greater than 3,Living together,5th to 9th grade,primary education (4th grade),other,other,home,mother,<15 min.,<2 hours,0,no,no,no,no,yes,yes,yes,yes,4,5,2,1,1,5,20,13,12,12
239,GP,F,17,Rural,Greater than 3,Living together,5th to 9th grade,primary education (4th grade),at_home,services,course,mother,30 min. to 1 hour,2 to 5 hours,0,no,no,no,yes,yes,yes,no,no,2,1,1,1,1,3,2,13,11,11
240,GP,M,18,Urban,Greater than 3,Living together,5th to 9th grade,5th to 9th grade,other,services,reputation,father,<15 min.,2 to 5 hours,1,no,no,no,no,yes,no,yes,no,5,5,4,3,5,2,0,7,7,0
241,GP,M,17,Urban,Less than or equal to 3,Living together,higher education,secondary education,health,other,course,mother,15 to 30 min.,2 to 5 hours,0,no,no,no,yes,yes,yes,yes,yes,2,5,5,1,4,5,14,12,12,12
242,GP,M,17,Rural,Less than or equal to 3,Apart,higher education,higher education,teacher,other,course,mother,15 to 30 min.,2 to 5 hours,0,no,yes,yes,no,yes,yes,yes,no,3,3,3,2,3,4,2,10,11,12
243,GP,M,16,Urban,Less than or equal to 3,Living together,higher education,secondary education,teacher,other,course,mother,<15 min.,<2 hours,0,no,no,no,yes,no,yes,yes,no,5,4,5,1,1,3,0,6,0,0
244,GP,M,16,Urban,Greater than 3,Living together,higher education,higher education,services,services,course,mother,<15 min.,<2 hours,0,no,no,no,yes,yes,yes,yes,no,5,3,2,1,2,5,0,13,12,12
245,GP,F,18,Urban,Greater than 3,Living together,5th to 9th grade,primary education (4th grade),other,other,course,other,15 to 30 min.,5 to 10 hours,0,no,yes,yes,no,no,yes,yes,yes,4,4,4,1,1,3,0,7,0,0
246,GP,M,16,Urban,Greater than 3,Living together,5th to 9th grade,primary education (4th grade),other,other,course,mother,30 min. to 1 hour,<2 hours,0,no,no,no,no,yes,yes,yes,no,4,3,3,1,1,4,6,18,18,18
247,GP,M,17,Urban,Greater than 3,Living together,5th to 9th grade,secondary education,other,other,course,father,15 to 30 min.,<2 hours,0,no,no,no,no,yes,yes,yes,no,5,2,2,1,1,2,4,12,12,13
248,GP,M,22,Urban,Greater than 3,Living together,secondary education,primary education (4th grade),services,services,other,mother,<15 min.,<2 hours,3,no,no,no,no,no,no,yes,yes,5,4,5,5,5,1,16,6,8,8
249,GP,M,18,Rural,Less than or equal to 3,Living together,secondary education,secondary education,other,services,course,mother,<15 min.,2 to 5 hours,1,no,yes,no,no,yes,yes,yes,yes,4,3,3,1,3,5,8,3,5,5
250,GP,M,16,Urban,Greater than 3,Living together,none,5th to 9th grade,other,other,other,mother,<15 min.,<2 hours,0,no,no,yes,no,no,yes,yes,no,4,3,2,2,4,5,0,13,15,15
251,GP,M,18,Urban,Greater than 3,Living together,secondary education,5th to 9th grade,services,other,course,mother,15 to 30 min.,<2 hours,1,no,no,no,no,yes,no,yes,no,4,4,5,2,4,5,0,6,8,8
252,GP,M,16,Urban,Greater than 3,Living together,secondary education,secondary education,at_home,other,reputation,other,30 min. to 1 hour,2 to 5 hours,0,yes,yes,no,no,no,yes,yes,no,5,3,3,1,3,2,6,7,10,10
253,GP,M,18,Urban,Greater than 3,Living together,5th to 9th grade,primary education (4th grade),services,services,other,mother,<15 min.,<2 hours,1,no,no,no,no,no,no,yes,no,3,2,5,2,5,5,4,6,9,8
254,GP,M,16,Rural,Greater than 3,Living together,5th to 9th grade,primary education (4th grade),other,other,course,mother,15 to 30 min.,<2 hours,0,no,no,no,yes,no,yes,no,no,3,3,2,1,3,3,0,8,9,8
255,GP,M,17,Rural,Greater than 3,Living together,5th to 9th grade,primary education (4th grade),other,other,course,mother,<15 min.,<2 hours,0,no,no,no,no,no,yes,yes,no,4,4,2,2,4,5,0,8,12,12
256,GP,M,17,Urban,Less than or equal to 3,Living together,primary education (4th grade),primary education (4th grade),health,other,course,mother,15 to 30 min.,<2 hours,1,no,yes,no,yes,yes,yes,yes,no,4,4,4,1,2,5,2,7,9,8
257,GP,F,17,Urban,Less than or equal to 3,Living together,higher education,5th to 9th grade,teacher,services,reputation,mother,<15 min.,>10 hours,0,no,yes,yes,yes,yes,yes,yes,no,4,2,3,1,1,4,6,14,12,13
258,GP,M,19,Urban,Less than or equal to 3,Apart,higher education,secondary education,services,at_home,reputation,mother,<15 min.,2 to 5 hours,0,no,yes,no,no,yes,yes,yes,no,4,3,1,1,1,1,12,11,11,11
259,GP,M,18,Urban,Greater than 3,Living together,5th to 9th grade,primary education (4th grade),other,other,home,mother,<15 min.,2 to 5 hours,0,no,no,no,yes,yes,yes,yes,no,5,2,4,1,2,4,8,15,14,14
260,GP,F,17,Urban,Less than or equal to 3,Living together,5th to 9th grade,5th to 9th grade,services,services,course,father,<15 min.,>10 hours,0,no,no,yes,yes,yes,yes,yes,yes,3,4,1,1,1,2,0,10,9,0
261,GP,F,18,Urban,Greater than 3,Living together,higher education,secondary education,services,other,home,father,<15 min.,2 to 5 hours,0,no,yes,yes,no,yes,yes,yes,yes,3,1,2,1,3,2,21,17,18,18
262,GP,M,18,Urban,Greater than 3,Living together,higher education,secondary education,teacher,other,course,mother,<15 min.,2 to 5 hours,0,no,yes,yes,no,no,yes,yes,no,4,3,2,1,1,3,2,8,8,8
263,GP,M,18,Rural,Greater than 3,Living together,secondary education,5th to 9th grade,other,other,course,mother,<15 min.,5 to 10 hours,0,no,no,no,yes,no,yes,no,no,5,3,2,1,1,3,1,13,12,12
264,GP,F,17,Urban,Greater than 3,Living together,secondary education,secondary education,other,other,home,mother,<15 min.,5 to 10 hours,0,no,no,no,yes,no,yes,no,no,3,2,3,1,1,4,4,10,9,9
265,GP,F,18,Urban,Greater than 3,Living together,5th to 9th grade,5th to 9th grade,at_home,services,home,mother,<15 min.,5 to 10 hours,0,no,yes,yes,yes,yes,yes,yes,yes,4,3,3,1,1,3,0,9,10,0
266,GP,M,18,Rural,Less than or equal to 3,Apart,secondary education,higher education,other,other,reputation,mother,15 to 30 min.,2 to 5 hours,0,no,yes,yes,yes,yes,yes,yes,no,4,2,5,3,4,1,13,17,17,17
267,GP,M,17,Urban,Greater than 3,Living together,secondary education,primary education (4th grade),services,other,other,mother,<15 min.,2 to 5 hours,0,no,no,yes,yes,yes,yes,yes,yes,5,4,4,3,4,5,2,9,9,10
268,GP,F,18,Rural,Greater than 3,Living together,higher education,higher education,teacher,other,reputation,mother,15 to 30 min.,2 to 5 hours,0,no,no,yes,yes,yes,yes,yes,no,4,3,4,2,2,4,8,12,10,11
269,GP,M,18,Urban,Greater than 3,Living together,higher education,5th to 9th grade,health,other,reputation,father,<15 min.,2 to 5 hours,0,no,yes,yes,yes,yes,yes,yes,yes,5,4,5,1,3,5,10,10,9,10
270,GP,F,18,Rural,Greater than 3,Living together,5th to 9th grade,primary education (4th grade),other,other,reputation,mother,15 to 30 min.,2 to 5 hours,0,no,yes,no,no,yes,no,yes,yes,4,3,5,1,2,3,0,6,0,0
271,GP,F,19,Urban,Greater than 3,Living together,secondary education,secondary education,other,services,home,other,<15 min.,2 to 5 hours,2,no,yes,yes,yes,yes,yes,yes,no,4,3,5,3,3,5,15,9,9,9
272,GP,F,18,Urban,Greater than 3,Living together,5th to 9th grade,secondary education,other,services,reputation,father,<15 min.,>10 hours,0,no,yes,yes,yes,yes,yes,yes,yes,4,5,5,1,3,2,4,15,14,14
273,GP,F,18,Urban,Less than or equal to 3,Living together,primary education (4th grade),primary education (4th grade),other,other,home,mother,15 to 30 min.,2 to 5 hours,0,no,yes,yes,no,no,yes,no,no,4,4,3,1,1,3,2,11,11,11
274,GP,M,17,Rural,Greater than 3,Living together,primary education (4th grade),5th to 9th grade,at_home,at_home,home,mother,<15 min.,2 to 5 hours,0,no,yes,yes,yes,no,yes,no,yes,3,5,2,2,2,1,2,15,14,14
275,GP,F,17,Urban,Greater than 3,Living together,5th to 9th grade,higher education,at_home,health,reputation,mother,15 to 30 min.,2 to 5 hours,0,no,yes,yes,no,yes,yes,yes,yes,4,3,3,1,1,1,2,10,10,10
276,GP,F,17,Urban,Less than or equal to 3,Living together,5th to 9th grade,5th to 9th grade,services,other,course,mother,15 to 30 min.,2 to 5 hours,0,yes,yes,yes,no,yes,yes,yes,yes,4,4,4,2,3,5,6,12,12,12
277,GP,F,18,Rural,Greater than 3,Apart,secondary education,5th to 9th grade,other,services,home,mother,15 to 30 min.,2 to 5 hours,0,no,no,no,no,no,no,yes,yes,4,1,1,1,1,5,75,10,9,9
278,GP,M,18,Urban,Greater than 3,Living together,higher education,higher education,teacher,services,home,mother,15 to 30 min.,<2 hours,0,no,no,yes,yes,yes,yes,yes,no,3,2,4,1,4,3,22,9,9,9
279,GP,F,18,Urban,Greater than 3,Living together,higher education,higher education,health,health,reputation,father,<15 min.,2 to 5 hours,1,yes,yes,no,yes,yes,yes,yes,yes,2,4,4,1,1,4,15,9,8,8
280,GP,M,18,Urban,Less than or equal to 3,Living together,higher education,secondary education,teacher,services,course,mother,15 to 30 min.,<2 hours,0,no,no,yes,yes,yes,yes,yes,no,4,2,3,1,2,1,8,10,11,10
281,GP,M,17,Urban,Less than or equal to 3,Apart,higher education,primary education (4th grade),services,other,home,mother,15 to 30 min.,<2 hours,0,no,no,yes,yes,yes,yes,yes,yes,4,5,4,2,4,5,30,8,8,8
282,GP,M,17,Urban,Less than or equal to 3,Apart,secondary education,5th to 9th grade,teacher,services,home,mother,<15 min.,<2 hours,1,no,no,no,no,yes,yes,yes,no,4,4,4,3,4,3,19,11,9,10
283,GP,F,18,Rural,Less than or equal to 3,Living together,primary education (4th grade),primary education (4th grade),at_home,other,reputation,mother,15 to 30 min.,>10 hours,0,no,yes,yes,yes,yes,yes,no,no,5,2,2,1,1,3,1,12,12,12
284,GP,F,18,Urban,Greater than 3,Living together,primary education (4th grade),primary education (4th grade),other,other,home,mother,15 to 30 min.,2 to 5 hours,0,yes,no,no,yes,yes,yes,yes,no,5,4,4,1,1,4,4,8,9,10
285,GP,F,17,Urban,Greater than 3,Living together,5th to 9th grade,5th to 9th grade,other,other,course,mother,<15 min.,2 to 5 hours,0,no,yes,no,no,no,yes,yes,no,5,4,5,1,2,5,4,10,9,11
286,GP,M,17,Urban,Greater than 3,Living together,primary education (4th grade),primary education (4th grade),other,other,reputation,father,<15 min.,2 to 5 hours,0,no,no,yes,no,no,yes,yes,no,4,3,3,1,2,4,2,12,10,11
287,GP,F,18,Urban,Greater than 3,Living together,5th to 9th grade,5th to 9th grade,at_home,at_home,other,mother,<15 min.,5 to 10 hours,0,no,yes,yes,no,yes,yes,yes,no,4,3,3,1,2,2,5,18,18,19
288,GP,F,17,Urban,Greater than 3,Living together,primary education (4th grade),primary education (4th grade),services,teacher,reputation,mother,<15 min.,5 to 10 hours,0,no,yes,yes,no,yes,yes,yes,no,4,3,3,1,1,3,6,13,12,12
289,GP,M,18,Urban,Greater than 3,Living together,5th to 9th grade,primary education (4th grade),services,services,reputation,mother,<15 min.,5 to 10 hours,0,no,no,yes,yes,yes,yes,yes,no,4,2,4,1,3,2,6,15,14,14
290,GP,M,18,Urban,Less than or equal to 3,Apart,higher education,higher education,teacher,teacher,reputation,mother,<15 min.,2 to 5 hours,0,no,yes,yes,yes,yes,yes,yes,no,5,4,3,1,1,2,9,15,13,15
291,GP,M,18,Urban,Greater than 3,Living together,higher education,5th to 9th grade,teacher,other,home,mother,<15 min.,2 to 5 hours,0,no,yes,yes,yes,yes,yes,yes,yes,4,3,2,1,4,5,11,12,11,11
292,GP,F,17,Urban,Greater than 3,Living together,higher education,secondary education,health,services,reputation,mother,<15 min.,5 to 10 hours,0,no,yes,yes,no,yes,yes,yes,no,4,2,2,1,2,3,0,15,15,15
293,GP,F,18,Urban,Less than or equal to 3,Living together,5th to 9th grade,primary education (4th grade),services,at_home,reputation,mother,<15 min.,2 to 5 hours,1,no,no,no,no,yes,yes,yes,yes,5,4,3,1,1,5,12,12,12,13
294,GP,F,17,Rural,Less than or equal to 3,Living together,secondary education,primary education (4th grade),services,other,reputation,mother,15 to 30 min.,>10 hours,0,no,yes,yes,no,yes,yes,no,no,3,1,2,1,1,3,6,18,18,18
295,GP,M,18,Rural,Less than or equal to 3,Living together,secondary education,5th to 9th grade,services,other,reputation,mother,15 to 30 min.,5 to 10 hours,0,no,yes,yes,yes,yes,yes,yes,no,5,4,2,1,1,4,8,14,13,14
296,GP,M,17,Urban,Greater than 3,Living together,secondary education,secondary education,health,other,home,mother,<15 min.,<2 hours,0,no,yes,yes,no,yes,yes,yes,no,4,4,3,1,3,5,4,14,12,11
297,GP,F,19,Urban,Greater than 3,Living together,higher education,higher education,health,other,reputation,other,15 to 30 min.,2 to 5 hours,0,no,yes,yes,yes,yes,yes,yes,no,2,3,4,2,3,2,0,10,9,0
298,GP,F,18,Urban,Less than or equal to 3,Living together,higher education,secondary education,other,other,home,other,15 to 30 min.,2 to 5 hours,0,no,yes,yes,no,yes,yes,yes,yes,4,4,5,1,2,2,10,10,8,8
299,GP,F,18,Urban,Greater than 3,Living together,higher education,secondary education,other,other,reputation,father,<15 min.,>10 hours,0,no,yes,yes,no,yes,yes,yes,no,4,3,3,1,1,3,0,14,13,14
300,GP,M,18,Urban,Less than or equal to 3,Living together,higher education,higher education,teacher,teacher,home,mother,<15 min.,<2 hours,0,no,yes,yes,no,yes,yes,yes,yes,1,4,2,2,2,1,5,16,15,16
301,GP,F,18,Urban,Less than or equal to 3,Apart,higher education,higher education,health,other,home,mother,<15 min.,2 to 5 hours,0,no,yes,no,no,yes,yes,yes,yes,4,2,4,1,1,4,14,12,10,11
302,GP,M,17,Urban,Less than or equal to 3,Living together,higher education,higher education,other,teacher,home,father,15 to 30 min.,<2 hours,0,no,no,yes,no,yes,yes,yes,no,4,1,1,2,2,5,0,11,11,10
303,GP,F,17,Urban,Greater than 3,Living together,higher education,5th to 9th grade,other,other,reputation,mother,15 to 30 min.,5 to 10 hours,0,no,yes,yes,no,yes,yes,yes,no,4,3,3,1,1,3,0,15,12,14
304,GP,F,17,Urban,Greater than 3,Living together,secondary education,5th to 9th grade,health,health,reputation,father,<15 min.,>10 hours,0,no,yes,yes,yes,no,yes,yes,no,5,2,2,1,2,5,0,17,17,18
305,GP,M,19,Urban,Greater than 3,Living together,secondary education,secondary education,other,other,home,other,<15 min.,2 to 5 hours,1,no,yes,no,yes,yes,yes,yes,yes,4,4,4,1,1,3,20,15,14,13
306,GP,F,18,Urban,Greater than 3,Living together,5th to 9th grade,higher education,services,at_home,reputation,other,<15 min.,2 to 5 hours,1,no,yes,yes,yes,yes,yes,yes,no,4,4,3,1,1,3,8,14,12,12
307,GP,M,20,Urban,Greater than 3,Apart,secondary education,5th to 9th grade,services,other,course,other,<15 min.,<2 hours,0,no,no,no,yes,yes,yes,no,no,5,5,3,1,1,5,0,17,18,18
308,GP,M,19,Urban,Greater than 3,Living together,higher education,higher education,teacher,services,reputation,other,15 to 30 min.,<2 hours,1,no,yes,yes,no,yes,yes,yes,yes,4,3,4,1,1,4,38,8,9,8
309,GP,M,19,Rural,Greater than 3,Living together,secondary education,secondary education,other,services,reputation,father,<15 min.,2 to 5 hours,1,no,no,no,yes,yes,yes,no,yes,4,5,3,1,2,5,0,15,12,12
310,GP,F,19,Urban,Less than or equal to 3,Living together,primary education (4th grade),primary education (4th grade),at_home,other,reputation,other,<15 min.,2 to 5 hours,1,yes,yes,no,yes,no,yes,yes,no,4,4,3,1,3,3,18,12,10,10
311,GP,F,19,Urban,Less than or equal to 3,Living together,primary education (4th grade),5th to 9th grade,services,services,home,other,<15 min.,2 to 5 hours,1,no,no,no,yes,no,yes,no,yes,4,2,4,2,2,3,0,9,9,0
312,GP,F,19,Urban,Greater than 3,Living together,5th to 9th grade,primary education (4th grade),at_home,other,other,other,30 min. to 1 hour,2 to 5 hours,0,no,yes,no,no,yes,no,yes,yes,3,4,1,1,1,2,20,14,12,13
313,GP,M,19,Urban,Greater than 3,Living together,primary education (4th grade),5th to 9th grade,other,services,course,other,<15 min.,2 to 5 hours,1,no,no,no,no,no,yes,yes,no,4,5,2,2,2,4,3,13,11,11
314,GP,F,19,Urban,Less than or equal to 3,Living together,secondary education,5th to 9th grade,services,other,reputation,other,15 to 30 min.,2 to 5 hours,1,no,yes,yes,no,no,yes,yes,yes,4,2,2,1,2,1,22,13,10,11
315,GP,F,19,Urban,Greater than 3,Living together,primary education (4th grade),primary education (4th grade),at_home,health,home,other,<15 min.,5 to 10 hours,2,no,no,no,no,no,yes,yes,yes,4,1,2,1,1,3,14,15,13,13
316,GP,F,19,Rural,Greater than 3,Living together,5th to 9th grade,secondary education,other,other,reputation,other,<15 min.,5 to 10 hours,1,no,no,no,no,yes,yes,yes,yes,4,1,2,1,1,3,40,13,11,11
317,GP,F,18,Urban,Greater than 3,Living together,5th to 9th grade,primary education (4th grade),services,other,course,mother,15 to 30 min.,2 to 5 hours,0,no,yes,yes,yes,yes,yes,yes,no,5,3,3,1,2,1,0,8,8,0
318,GP,F,18,Urban,Greater than 3,Living together,higher education,secondary education,other,other,course,mother,<15 min.,5 to 10 hours,0,no,yes,yes,yes,yes,yes,yes,yes,4,3,4,1,1,5,9,9,10,9
319,GP,F,17,Rural,Greater than 3,Living together,secondary education,higher education,at_home,services,course,father,<15 min.,5 to 10 hours,0,no,yes,yes,yes,no,yes,yes,no,4,3,4,2,5,5,0,11,11,10
320,GP,F,18,Urban,Greater than 3,Living together,higher education,higher education,teacher,other,course,mother,<15 min.,2 to 5 hours,0,no,yes,yes,no,yes,yes,yes,no,4,4,4,3,3,5,2,11,11,11
321,GP,F,17,Urban,Greater than 3,Apart,higher education,secondary education,services,services,course,mother,<15 min.,2 to 5 hours,0,no,yes,yes,no,yes,yes,yes,yes,5,2,2,1,2,5,23,13,13,13
322,GP,F,17,Urban,Greater than 3,Living together,5th to 9th grade,5th to 9th grade,other,other,course,mother,<15 min.,2 to 5 hours,0,no,yes,no,no,yes,yes,no,yes,4,2,2,1,1,3,12,11,9,9
323,GP,F,17,Rural,Less than or equal to 3,Living together,5th to 9th grade,5th to 9th grade,services,services,course,mother,<15 min.,5 to 10 hours,0,no,yes,yes,yes,yes,yes,yes,no,3,3,2,2,2,3,3,11,11,11
324,GP,F,17,Urban,Greater than 3,Living together,secondary education,primary education (4th grade),services,services,course,father,<15 min.,5 to 10 hours,0,no,yes,no,no,no,yes,yes,no,3,4,3,2,3,5,1,12,14,15
325,GP,F,17,Urban,Less than or equal to 3,Living together,none,5th to 9th grade,at_home,at_home,home,father,15 to 30 min.,5 to 10 hours,0,no,no,no,no,yes,yes,yes,no,3,3,3,2,3,2,0,16,15,15
326,GP,M,18,Urban,Greater than 3,Living together,higher education,higher education,other,other,course,mother,<15 min.,5 to 10 hours,0,no,no,no,yes,yes,yes,yes,no,4,3,3,2,2,3,3,9,12,11
327,GP,M,17,Urban,Greater than 3,Living together,secondary education,secondary education,other,services,reputation,mother,<15 min.,<2 hours,0,no,no,no,yes,no,yes,yes,no,4,3,5,3,5,5,3,14,15,16
328,GP,M,17,Rural,Greater than 3,Living together,5th to 9th grade,5th to 9th grade,services,other,course,mother,>1 hour,<2 hours,0,no,yes,no,no,yes,yes,yes,no,4,4,5,5,5,4,8,11,10,10
329,GP,F,17,Urban,Greater than 3,Living together,higher education,higher education,teacher,services,course,mother,<15 min.,5 to 10 hours,0,no,yes,yes,yes,yes,yes,yes,no,5,4,4,1,3,4,7,10,9,9
330,GP,F,17,Urban,Greater than 3,Living together,higher education,higher education,teacher,teacher,course,mother,15 to 30 min.,5 to 10 hours,0,no,yes,yes,no,no,yes,yes,yes,4,3,3,1,2,4,4,14,14,14
331,GP,M,18,Urban,Less than or equal to 3,Living together,5th to 9th grade,5th to 9th grade,other,other,course,mother,<15 min.,>10 hours,0,no,yes,no,yes,yes,yes,yes,no,4,5,5,2,4,5,2,9,8,8
332,GP,F,17,Rural,Greater than 3,Living together,5th to 9th grade,higher education,at_home,other,course,father,<15 min.,5 to 10 hours,0,no,yes,no,no,yes,yes,yes,yes,4,4,3,1,1,5,7,12,14,14
333,GP,F,18,Urban,Greater than 3,Living together,secondary education,secondary education,services,services,home,mother,<15 min.,2 to 5 hours,0,no,no,no,yes,yes,yes,yes,no,5,3,4,1,1,4,0,7,0,0
334,GP,F,18,Urban,Less than or equal to 3,Living together,5th to 9th grade,5th to 9th grade,other,other,home,other,<15 min.,2 to 5 hours,0,no,no,no,yes,no,yes,yes,yes,4,3,3,1,1,2,0,8,8,0
335,GP,F,18,Rural,Greater than 3,Living together,5th to 9th grade,5th to 9th grade,at_home,other,course,mother,15 to 30 min.,>10 hours,0,no,no,no,yes,yes,yes,no,no,4,4,4,1,1,4,0,10,9,0
336,GP,F,17,Urban,Greater than 3,Living together,secondary education,higher education,services,other,course,mother,<15 min.,5 to 10 hours,0,no,no,no,no,yes,yes,yes,no,4,4,5,1,3,5,16,16,15,15
337,GP,F,19,Rural,Greater than 3,Apart,secondary education,primary education (4th grade),services,at_home,home,other,<15 min.,5 to 10 hours,1,no,no,yes,no,yes,yes,no,no,5,4,3,1,2,5,12,14,13,13
338,GP,F,17,Urban,Greater than 3,Living together,secondary education,5th to 9th grade,other,other,home,mother,<15 min.,2 to 5 hours,0,no,yes,yes,no,yes,yes,yes,yes,4,3,2,2,3,2,0,7,8,0
339,GP,F,18,Urban,Less than or equal to 3,Living together,secondary education,secondary education,services,services,home,mother,<15 min.,>10 hours,0,no,yes,no,no,yes,yes,yes,no,5,3,3,1,1,1,7,16,15,17
340,GP,F,17,Rural,Greater than 3,Apart,secondary education,5th to 9th grade,other,other,home,mother,<15 min.,2 to 5 hours,0,no,yes,yes,no,yes,yes,yes,no,4,3,3,2,3,2,4,9,10,10
341,GP,F,19,Urban,Greater than 3,Living together,5th to 9th grade,primary education (4th grade),services,services,home,other,<15 min.,5 to 10 hours,1,no,no,yes,yes,yes,yes,yes,yes,4,3,4,1,3,3,4,11,12,11
342,GP,M,18,Urban,Greater than 3,Living together,higher education,higher education,teacher,services,home,father,<15 min.,2 to 5 hours,1,no,yes,no,yes,yes,yes,yes,no,4,3,3,2,2,2,0,10,10,0
343,GP,M,18,Urban,Less than or equal to 3,Living together,secondary education,higher education,services,other,home,mother,<15 min.,2 to 5 hours,0,no,no,no,yes,yes,yes,yes,yes,4,3,3,1,3,5,11,16,15,15
344,GP,F,17,Urban,Greater than 3,Apart,5th to 9th grade,5th to 9th grade,at_home,at_home,home,father,<15 min.,2 to 5 hours,1,no,yes,no,no,yes,yes,yes,yes,3,3,1,1,2,4,0,9,8,0
345,GP,F,18,Urban,Greater than 3,Living together,5th to 9th grade,secondary education,at_home,other,course,mother,<15 min.,5 to 10 hours,0,no,yes,no,no,yes,yes,yes,no,4,3,3,1,2,3,4,11,10,10
346,GP,F,18,Urban,Greater than 3,Living together,secondary education,5th to 9th grade,other,services,other,mother,<15 min.,5 to 10 hours,0,no,no,no,no,yes,yes,yes,yes,5,4,3,2,3,1,7,13,13,14
347,GP,M,18,Rural,Greater than 3,Living together,higher education,secondary education,teacher,services,course,mother,<15 min.,5 to 10 hours,0,no,no,no,no,yes,yes,yes,yes,5,3,2,1,2,4,9,16,15,16
348,GP,M,18,Urban,Greater than 3,Living together,higher education,secondary education,teacher,other,course,mother,<15 min.,5 to 10 hours,0,no,yes,yes,no,yes,yes,yes,yes,5,4,5,2,3,5,0,10,10,9
349,GP,F,17,Urban,Greater than 3,Living together,higher education,secondary education,health,other,reputation,mother,<15 min.,5 to 10 hours,0,no,yes,yes,yes,yes,yes,yes,yes,4,4,3,1,3,4,0,13,15,15
350,MS,M,18,Rural,Greater than 3,Living together,secondary education,5th to 9th grade,other,other,course,mother,15 to 30 min.,<2 hours,1,no,yes,no,no,no,yes,yes,no,2,5,5,5,5,5,10,11,13,13
351,MS,M,19,Rural,Greater than 3,Living together,primary education (4th grade),primary education (4th grade),other,services,home,other,30 min. to 1 hour,2 to 5 hours,3,no,no,no,no,yes,yes,yes,no,5,4,4,3,3,2,8,8,7,8
352,MS,M,17,Urban,Greater than 3,Living together,secondary education,secondary education,health,other,course,mother,15 to 30 min.,2 to 5 hours,0,no,yes,yes,no,yes,yes,yes,no,4,5,4,2,3,3,2,13,13,13
353,MS,M,18,Urban,Less than or equal to 3,Living together,primary education (4th grade),secondary education,at_home,services,course,mother,<15 min.,<2 hours,1,no,no,no,no,yes,no,yes,yes,4,3,3,2,3,3,7,8,7,8
354,MS,M,19,Rural,Greater than 3,Living together,primary education (4th grade),primary education (4th grade),other,other,home,other,30 min. to 1 hour,<2 hours,1,no,yes,no,no,yes,yes,yes,no,4,4,4,3,3,5,4,8,8,8
355,MS,M,17,Rural,Greater than 3,Living together,higher education,secondary education,services,other,home,mother,15 to 30 min.,2 to 5 hours,0,no,yes,yes,yes,no,yes,yes,yes,4,5,5,1,3,2,4,13,11,11
356,MS,F,18,Urban,Greater than 3,Living together,secondary education,secondary education,services,services,course,father,<15 min.,2 to 5 hours,0,no,yes,no,no,yes,yes,no,yes,5,3,4,1,1,5,0,10,9,9
357,MS,F,17,Rural,Greater than 3,Living together,higher education,higher education,teacher,services,other,father,15 to 30 min.,2 to 5 hours,0,no,yes,yes,yes,yes,yes,yes,no,4,3,3,1,2,5,4,12,13,13
358,MS,F,17,Urban,Less than or equal to 3,Apart,secondary education,5th to 9th grade,services,other,reputation,mother,15 to 30 min.,2 to 5 hours,0,no,no,no,no,yes,yes,no,yes,1,2,3,1,2,5,2,12,12,11
359,MS,M,18,Urban,Less than or equal to 3,Living together,primary education (4th grade),primary education (4th grade),other,services,home,father,15 to 30 min.,<2 hours,0,no,no,no,no,no,yes,yes,yes,3,3,2,1,2,3,4,10,10,10
360,MS,F,18,Urban,Less than or equal to 3,Living together,primary education (4th grade),primary education (4th grade),at_home,services,course,father,15 to 30 min.,5 to 10 hours,0,no,no,no,no,yes,yes,yes,no,5,3,2,1,1,4,0,18,16,16
361,MS,F,18,Rural,Less than or equal to 3,Apart,primary education (4th grade),higher education,at_home,other,course,mother,30 min. to 1 hour,2 to 5 hours,0,no,no,no,no,yes,yes,no,yes,4,3,4,1,4,5,0,13,13,13
362,MS,M,18,Rural,Less than or equal to 3,Living together,primary education (4th grade),primary education (4th grade),at_home,other,other,mother,15 to 30 min.,2 to 5 hours,1,no,no,no,yes,no,no,no,no,4,4,3,2,3,5,2,13,12,12
363,MS,F,18,Urban,Greater than 3,Living together,secondary education,secondary education,services,services,other,mother,15 to 30 min.,2 to 5 hours,0,no,yes,no,no,yes,yes,yes,yes,4,3,2,1,3,3,0,11,11,10
364,MS,F,17,Urban,Less than or equal to 3,Living together,higher education,higher education,at_home,at_home,course,mother,<15 min.,2 to 5 hours,0,no,yes,yes,yes,yes,yes,yes,yes,2,3,4,1,1,1,0,16,15,15
365,MS,F,17,Rural,Greater than 3,Living together,primary education (4th grade),5th to 9th grade,other,services,course,father,15 to 30 min.,2 to 5 hours,0,no,no,no,no,no,yes,no,no,3,2,2,1,2,3,0,12,11,12
366,MS,M,18,Rural,Greater than 3,Living together,primary education (4th grade),secondary education,at_home,other,course,mother,15 to 30 min.,2 to 5 hours,0,no,yes,yes,no,yes,yes,no,no,3,3,4,2,4,3,4,10,10,10
367,MS,M,18,Urban,Less than or equal to 3,Living together,higher education,higher education,teacher,services,other,mother,15 to 30 min.,5 to 10 hours,0,no,no,yes,no,yes,yes,yes,yes,4,2,2,2,2,5,0,13,13,13
368,MS,F,17,Rural,Greater than 3,Living together,primary education (4th grade),primary education (4th grade),other,services,reputation,mother,30 min. to 1 hour,<2 hours,1,no,yes,yes,no,yes,yes,yes,yes,5,2,1,1,2,1,0,7,6,0
369,MS,F,18,Urban,Greater than 3,Living together,5th to 9th grade,secondary education,at_home,services,course,father,15 to 30 min.,<2 hours,0,no,yes,yes,no,yes,yes,yes,yes,5,2,3,1,2,4,0,11,10,10
370,MS,F,18,Rural,Greater than 3,Living together,higher education,higher education,other,teacher,other,father,30 min. to 1 hour,2 to 5 hours,0,no,yes,yes,no,no,yes,yes,yes,3,2,2,4,2,5,10,14,12,11
371,MS,F,19,Urban,Less than or equal to 3,Living together,secondary education,5th to 9th grade,services,services,home,other,15 to 30 min.,2 to 5 hours,2,no,no,no,yes,yes,yes,no,yes,3,2,2,1,1,3,4,7,7,9
372,MS,M,18,Rural,Less than or equal to 3,Living together,primary education (4th grade),5th to 9th grade,at_home,services,other,father,30 min. to 1 hour,<2 hours,0,no,yes,yes,yes,yes,no,yes,yes,4,3,3,2,3,3,3,14,12,12
373,MS,F,17,Urban,Greater than 3,Living together,5th to 9th grade,5th to 9th grade,other,at_home,home,mother,<15 min.,5 to 10 hours,0,no,no,no,yes,yes,yes,no,yes,3,4,3,1,1,3,8,13,11,11
374,MS,F,17,Rural,Greater than 3,Living together,primary education (4th grade),5th to 9th grade,other,other,course,mother,<15 min.,<2 hours,0,no,no,no,yes,yes,yes,yes,no,3,5,5,1,3,1,14,6,5,5
375,MS,F,18,Rural,Less than or equal to 3,Living together,higher education,higher education,other,other,reputation,mother,15 to 30 min.,5 to 10 hours,0,no,no,no,no,yes,yes,yes,no,5,4,4,1,1,1,0,19,18,19
376,MS,F,18,Rural,Greater than 3,Living together,primary education (4th grade),primary education (4th grade),other,other,home,mother,>1 hour,5 to 10 hours,0,no,no,no,no,yes,yes,yes,no,4,3,2,1,2,4,2,8,8,10
377,MS,F,20,Urban,Greater than 3,Living together,higher education,5th to 9th grade,health,other,course,other,15 to 30 min.,5 to 10 hours,2,no,yes,yes,no,no,yes,yes,yes,5,4,3,1,1,3,4,15,14,15
378,MS,F,18,Rural,Less than or equal to 3,Living together,higher education,higher education,teacher,services,course,mother,<15 min.,2 to 5 hours,0,no,no,yes,yes,yes,yes,yes,no,5,4,3,3,4,2,4,8,9,10
379,MS,F,18,Urban,Greater than 3,Living together,secondary education,secondary education,other,other,home,mother,<15 min.,2 to 5 hours,0,no,no,yes,no,yes,yes,yes,yes,4,1,3,1,2,1,0,15,15,15
380,MS,F,17,Rural,Greater than 3,Living together,secondary education,primary education (4th grade),at_home,other,reputation,mother,<15 min.,2 to 5 hours,0,no,yes,yes,yes,no,yes,yes,no,4,5,4,2,3,1,17,10,10,10
381,MS,M,18,Urban,Greater than 3,Living together,higher education,higher education,teacher,teacher,home,father,<15 min.,2 to 5 hours,0,no,no,yes,yes,no,yes,yes,no,3,2,4,1,4,2,4,15,14,14
382,MS,M,18,Rural,Greater than 3,Living together,5th to 9th grade,primary education (4th grade),other,other,other,mother,15 to 30 min.,<2 hours,0,no,no,no,yes,no,yes,yes,yes,4,4,3,1,3,5,5,7,6,7
383,MS,M,17,Urban,Greater than 3,Living together,5th to 9th grade,secondary education,other,services,home,father,15 to 30 min.,2 to 5 hours,0,no,no,no,yes,yes,yes,yes,no,4,4,3,1,1,3,2,11,11,10
384,MS,M,19,Rural,Greater than 3,Living together,primary education (4th grade),primary education (4th grade),other,services,other,mother,15 to 30 min.,<2 hours,1,no,no,no,no,yes,yes,no,no,4,3,2,1,3,5,0,6,5,0
385,MS,M,18,Rural,Greater than 3,Living together,higher education,5th to 9th grade,other,other,home,father,15 to 30 min.,<2 hours,1,no,no,yes,no,yes,yes,no,no,5,4,3,4,3,3,14,6,5,5
386,MS,F,18,Rural,Greater than 3,Living together,5th to 9th grade,5th to 9th grade,at_home,other,other,mother,15 to 30 min.,5 to 10 hours,0,no,no,yes,no,yes,yes,no,no,5,3,3,1,3,4,2,10,9,10
387,MS,F,18,Rural,Greater than 3,Living together,higher education,higher education,teacher,at_home,reputation,mother,30 min. to 1 hour,<2 hours,0,no,yes,yes,yes,yes,yes,yes,yes,4,4,3,2,2,5,7,6,5,6
388,MS,F,19,Rural,Greater than 3,Living together,5th to 9th grade,secondary education,services,other,course,mother,<15 min.,5 to 10 hours,1,no,no,no,yes,no,yes,yes,no,5,4,2,1,2,5,0,7,5,0
389,MS,F,18,Urban,Less than or equal to 3,Living together,secondary education,primary education (4th grade),teacher,services,course,mother,<15 min.,2 to 5 hours,0,no,yes,yes,no,yes,yes,yes,no,4,3,4,1,1,1,0,7,9,8
390,MS,F,18,Urban,Greater than 3,Living together,primary education (4th grade),primary education (4th grade),other,other,course,mother,15 to 30 min.,2 to 5 hours,1,no,no,no,yes,yes,yes,no,no,1,1,1,1,1,5,0,6,5,0
391,MS,M,20,Urban,Less than or equal to 3,Apart,5th to 9th grade,5th to 9th grade,services,services,course,other,<15 min.,2 to 5 hours,2,no,yes,yes,no,yes,yes,no,no,5,5,4,4,5,4,11,9,9,9
392,MS,M,17,Urban,Less than or equal to 3,Living together,secondary education,primary education (4th grade),services,services,course,mother,15 to 30 min.,<2 hours,0,no,no,no,no,no,yes,yes,no,2,4,5,3,4,2,3,14,16,16
393,MS,M,21,Rural,Greater than 3,Living together,primary education (4th grade),primary education (4th grade),other,other,course,other,<15 min.,<2 hours,3,no,no,no,no,no,yes,no,no,5,5,3,3,3,3,3,10,8,7
394,MS,M,18,Rural,Less than or equal to 3,Living together,secondary education,5th to 9th grade,services,other,course,mother,30 min. to 1 hour,<2 hours,0,no,no,no,no,no,yes,yes,no,4,4,1,3,4,5,0,11,12,10
395,MS,M,19,Urban,Less than or equal to 3,Living together,primary education (4th grade),primary education (4th grade),other,at_home,course,father,<15 min.,<2 hours,0,no,no,no,no,yes,yes,yes,no,3,2,3,3,3,5,5,8,9,9
